Name,Moisture
1917,90
A Quiet Place,90
A Quiet Place 2,90
A-X-L,30
Aladdin,65
Alien Covenant,60
Alita: Battle Angel,90
American Made,68
Amnesia: Rebirth,60
Animal Crossing: New Horizons,90
Annabelle Comes Home,50
Annabelle Creation,60
Annihilation,90
Ant-Man and the Wasp,55
Anthem,20
Apex Legends,75
Aquaman,70
Arcane,95
Assassination Nation,25
Atomic Blonde,65
Attack on Titan,85
Attack on Titan Final Season,90
Attack on Titan Final Season Part 2,95
Avatar: Way of Water,80
Avengers: Endgame,80
Avengers: Infinity War,88
Baby Driver,88
Bad Boys for Life,60
Bad Samaritan,70
Bad Times at the El Royale,80
Bandersnatch,90
Battlefield 2042,65
Battlefront 2,40
Better Call Saul,95
"Billie Eilish - When We All Fall Asleep, Where Do We Go",75
Biomutant,30
Bird Box,70
Birds of Prey,70
Birth of the Dragon,5
Black Adam,70
Black Clover,80
Black Ops 4,85
Black Panther,85
Black Panther: Wakanda Forever,70
Black Widow,70
Blade Runner 2049,75
Bo Burnham: Inside,80
Bohemian Rhapsody,55
Borderlands 3,80
Bright,60
Brightburn,70
Bugsnax,85
Bumblebee,60
Call of Duty Black Ops Cold War,70
Call of Duty Vanguard,45
Call of Duty: Modern Warfare 2,75
Callisto Protocol,60
Captain Marvel,65
Castlevania,85
Chainsaw Man,90
Child's Play,70
CoD WW2,65
Code Vein,70
Crawl,70
Cuphead,90
Cyberpunk 2077,70
Cyberpunk Edgerunners,90
Dark Phoenix,30
Darksiders 3,60
Deadpool 2,80
Death Note Netflix,25
Death Stranding,60
Deathloop,70
Demon Slayer,90
Demon Slayer Season 2,95
Demon Slayer The Movie: Mugen Train,95
Demon's Souls Remake,90
Destiny 2,70
Destroy All Humans Remake,80
Detroit: Become Human,70
Devil May Cry 5,80
Disaster Artist,85
Doctor Strange in the Multiverse of Madness,80
Doom Eternal,95
Dora and the Lost City of Gold,50
Dr. Stone,90
Dragon Ball Super: Broly,85
Dragon Ball Z: Kakarot,65
Drawn to Death,45
Dune,90
Dying Light 2,65
El Camino,65
Elden Ring,95
Eminem - Kamikaze,60
Escape Room,45
Eternals,60
Everhood,90
Evil Within 2,55
Extraction,75
Fall Guys,90
Fantastic Beasts: Crimes of GrindelWald,40
Fast & Furious Crossroads,10
Fast and Furious 9,50
Fifty Shades Freed,10
Final Fantasy 7 Remake,85
Free Guy,85
Frozen 2,70
Game of Thrones Season 1,85
Game of Thrones Season 2,75
Game of Thrones Season 3,90
Game of Thrones Season 4,95
Game of Thrones Season 5,75
Gemini Man,40
Gene Rain,2
Ghost in the Shell,70
Ghost of Tsushima,85
Ghostrunner,90
Glass,60
Goblin Slayer,65
God of War,85
God of War Ragnarok,95
Godzilla vs Kong,85
Godzilla: King of the Monsters,30
Hades,90
Halloween,80
Halloween Ends,25
Halloween Kills,40
Halo Infinite,80
Hamilton,85
Happy Death Day,65
Happy Death Day 2U,50
Happytime Murders,35
Hell Fest,40
Hellboy,35
Hereditary,85
Hey Arnold Jungle Movie,80
Hitman 3,80
Hitman's Bodyguard,65
Hobbs and Shaw,65
Holmes and Watson,15
House of the Dragon,80
Hyper Scape,80
I Feel Pretty,20
Incredibles 2,90
Insidious The Last Key,20
Invader ZIM: Enter the Florpus,90
Invincible,95
IT,80
It Chapter Two,80
It Takes Two,95
Jackass Forever,85
Jigsaw,30
John Wick: Chapter 3 - Parabellum,95
Joker,95
Jujutsu Kaisen,90
Jurassic World Dominion,40
Jurassic World Evolution,60
Jurassic World: Fallen Kingdom,65
Justice League,55
Justice League Snyder Cut,85
Kingdom Hearts 3,70
Kingsman The Golden Circle,75
Knives Out,90
LEGO Movie 2,80
Little Nightmares,80
Little Nightmares 2,90
Loki,80
Love Birds,65
Luigi's Mansion 3,90
M3GAN,75
Ma,20
Maleficent: Mistress of Evil,70
Marvel's Avengers,65
Marvel's Spider-Man,75
Mass Effect Andromeda,55
Maze Runner The Death Cure,45
Men In Black: International,25
Midsommar,25
Minecraft Dungeons,70
Mission Impossible: Fallout,80
Mob Psycho 100,90
Modern Warfare,70
Morbius,15
Mortal Engines,30
Mortal Kombat,65
Mortal Kombat 11,70
Mother!,30
Mulan,35
My Hero Academia,85
My Hero Academia: Heroes Rising,85
Nier: Replicant,90
Nioh 2,90
No Time To Die,85
Obi-Wan Kenobi,50
Old,60
Once Upon A Time In Hollywood,50
One Punch Man,80
Onward,85
Outlast 2,80
Overlord,70
Overlord,65
Pacific Rim 2,50
Paddington 2,90
Parasite,95
Persona 5,85
Pet Sematary,60
PGA Tour 2K21,80
Pitch Perfect 3,25
PlayStation 5,90
Pokemon Legends: Arceus,60
Pokemon Sword and Shield,50
Pok√©mon: Detective Pikachu,85
Psychonauts 2,90
Ralph Breaks The Internet,70
Rambo: Last Blood,65
Rampage,65
Ratchet & Clank: Rift Apart,85
Re:Zero,95
Re:Zero Season 2,95
Ready Or Not,70
Ready Player One,60
Red Dead Redemption 2,80
Red Sparrow,35
Remnant: From the Ashes,75
Replicas,10
Resident Evil 2 Remake,85
Resident Evil 3 Remake,65
Resident Evil Village,75
Risk of Rain 2,95
Robin Hood,20
Saints Row,25
Scary Stories to Tell in the Dark,80
Scoob!,70
Searching,90
Sekiro: Shadows Die Twice,85
Shadow of War,70
Shang-Chi and the Legend of the Ten Rings,85
Shazam,70
Sifu,90
Slender Man,15
Smash Ultimate,90
Smile,80
Solo: A Star Wars Story,80
Sonic Frontiers,70
Sonic the Hedgehog,60
Sonic the Hedgehog 2,75
Soul,85
Space Jam: A New Legacy,25
Spider-Man Homecoming,75
Spider-Man: Far From Home,90
Spider-Man: Into The Spider-Verse,95
Spider-Man: Miles Morales,70
Spider-Man: No Way Home,90
SpongeBob SquarePants: Battle for Bikini Bottom - Rehydrated,80
Squid Game,80
Star Wars Jedi: Fallen Order,85
Star Wars The Last Jedi,70
Star Wars: The Rise of Skywalker,40
Steins;Gate 0,80
Stranger Things,90
Stranger Things Final Season,90
Syberia 3,50
Teen Titans GO To the Movies,70
Terminator: Dark Fate,80
The Angry Birds Movie 2,55
The Batman,80
The Boys,90
The Boys Season 2,90
The Boys Season 3,90
The Cloverfield Paradox,45
The Commuter,55
The Curse of La Llorona,15
The Dark Tower,15
The Devil All The Time,80
The Emoji Movie,10
The First Purge,30
The Foreigner,80
The Gentlemen,85
The God of Highschool,80
The Green Knight,80
The Hunt,65
The Invisible Man,85
The King of Staten Island,85
The Last of Us 2,55
The Last of Us Part 1 Remake,70
The Lion King,50
The Mandalorian,80
The Mandalorian Season 2,90
The Meg,45
The Mummy 2017,50
The Nun,25
The Predator,30
The Prodigy,40
The Promised Neverland,70
The Snowman,20
The Suicide Squad,90
The Surge,75
The Surge 2,80
Thor Ragnarok,85
Thor: Love and Thunder,65
Tiger King,90
Tokyo Revengers,85
Tomb Raider,60
Tower of God,90
Toy Story 4,90
Transformers 5,25
Truth or Dare,15
Umbrella Academy,80
Uncharted,60
Unforgettable,N/A
Unfriended: Dark Web,20
Upgrade,95
Us,50
Valerian,35
Valorant Beta,N/A
Venom,25
Venom: Let There Be Carnage,60
Vinland Saga,90
Vivy: Fluorite Eye's Song,90
WandaVision,70
War for the Planet of the Apes,70
Watch Dogs: Legion,40
Willy's Wonderland,60
Winchester,15
Wish Upon,10
Wolfenstein 2,80
Wonder Woman,80
Wonder Woman 1984,40
Wrinkle in Time,20
Xbox Series X,80
Yakuza: Like A Dragon,90
Yooka-Laylee,40
Zombieland: Double Tap,60